attachmentId,project-key,statusCode,scenario
"3e25f253-7c9c-4f59-84e2-ee07a5a7ec1c","ProjectA",400,"Invalid parameters"
"5f6dcd0f-8a8b-4a3e-8d27-3a1234567890","ProjectB",401,"Unauthorized"
"7b8e5277-8e9f-4bc5-9871-2a0987654321","ProjectC",404,"Not Found"
"9c9f0b69-b2e2-4b3e-8b7c-3c9876543210","ProjectD",400,"Invalid parameters"
"bd7a30e1-3d51-49ea-8c1b-4a1234567890","ProjectE",401,"Unauthorized"
"df8b8c6d-3f5e-41a7-9c1d-5a0987654321","ProjectF",404,"Not Found"
"f1a2b3c4-d5e6-7f8g-9h0i-1j2k3l4m5n6o","ProjectG",400,"Invalid parameters"
"h2i3j4k5-l6m7-n8o9-p0q1-r2s3t4u5v6w7","ProjectH",401,"Unauthorized"
"i4j5k6l7-m8n9-o0p1-q2r3-s4t5u6v7w8x9","ProjectI",404,"Not Found"
"j6k7l8m9-n0o1-p2q3-r4s5-t6u7v8w9x0y1","ProjectJ",400,"Invalid parameters"